site_id,country,n_pares,mediana_ratio,pct_falla_aa,tiene_fallo_critico,axe_color_contrast_violations,axe_color_contrast_passes
U0001,Brazil,105,4.556941198990868,1.9047619047619049,True,10,115
U0002,Argentina,177,1.1194947432057414,58.19209039548022,True,38,172
U0004,Paraguay,129,3.644246724901815,58.91472868217055,True,44,98
U0006,Nicaragua,153,13.198392277900538,24.18300653594771,True,13,184
U0008,Ecuador,74,11.69104849658141,9.45945945945946,True,5,82
U0009,Argentina,103,5.698620790007701,40.77669902912621,True,58,107
U0010,Dominican Republic,195,10.593145269833649,13.846153846153847,True,30,106
U0011,Chile,132,11.107961964654422,16.666666666666664,True,31,202
U0015,Cuba,88,14.964451286549552,11.363636363636363,True,7,86
U0016,Guatemala,256,1.080711823935424,53.90625,True,9,212
U0019,Costa Rica,71,7.780599082842856,1.4084507042253522,True,6,90
U0020,Guatemala,81,7.065529146034068,23.456790123456788,True,18,114
U0021,Chile,296,10.14685018778427,11.14864864864865,True,0,2
U0025,Panama,138,12.743571339481512,0.7246376811594203,True,0,157
U0027,Argentina,190,7.525629425880513,11.052631578947368,True,9,270
U0029,Honduras,136,12.421894022120345,28.676470588235293,True,32,178
U0030,Honduras,164,13.041060030800535,18.29268292682927,True,18,212
U0031,Ecuador,419,1.0,84.00954653937947,True,8,153
U0032,Paraguay,35,8.192021722622771,8.571428571428571,True,3,63
U0033,Brazil,246,5.363701320561146,6.504065040650407,True,128,274
U0034,Colombia,112,12.63465434445799,8.928571428571429,True,16,207
U0035,Brazil,131,4.282994140518332,76.33587786259542,True,105,126
U0036,Ecuador,105,14.727270344873023,37.142857142857146,True,7,104
U0037,Dominican Republic,87,4.758842787868666,41.37931034482759,True,10,75
U0038,Panama,37,7.898040728413126,29.72972972972973,True,0,56
U0039,El Salvador,203,16.23963401022834,7.8817733990147785,True,39,330
U0041,Costa Rica,344,5.74183648145415,13.372093023255813,True,72,104
U0043,Ecuador,189,10.29773228817533,3.7037037037037033,True,0,279
U0044,Brazil,347,17.645762125602435,31.12391930835735,True,19,306
U0047,Panama,57,6.5122131881106124,12.280701754385964,True,23,81
U0048,Chile,111,15.485262797317638,13.513513513513514,True,1,149
U0050,Peru,98,9.739769120526203,20.408163265306122,True,9,125
U0052,Dominican Republic,157,7.990654195740128,42.038216560509554,True,2,139
U0053,Mexico,116,12.52356418517259,16.379310344827587,True,10,154
U0054,Cuba,69,6.322532792061276,34.78260869565217,True,52,90
U0057,Mexico,227,3.78742247268155,63.87665198237885,True,32,108
U0058,Nicaragua,8,13.008985262399184,0.0,False,0,16
U0060,Peru,264,6.079958131580595,19.318181818181817,True,22,200
U0061,Honduras,297,12.924583879277291,25.925925925925924,True,29,103
U0064,Peru,423,7.3807124272722175,42.31678486997636,True,37,180
U0065,Costa Rica,297,9.397615840239814,2.6936026936026933,True,0,560
U0069,Mexico,198,12.63465434445799,45.45454545454545,True,28,185
U0070,Paraguay,52,11.838689213867267,34.61538461538461,True,0,78
U0071,Honduras,2,21.0,0.0,False,0,4
U0072,Nicaragua,74,11.237058310051756,25.675675675675674,True,7,149
U0073,Costa Rica,92,13.65507120727791,42.391304347826086,True,11,94
U0075,Peru,93,11.351250628453023,12.903225806451612,True,7,77
U0076,Peru,394,5.658212510307861,30.20304568527919,True,0,0
U0077,Nicaragua,84,9.70686521856994,32.142857142857146,True,13,101
U0078,Argentina,77,11.371918428232137,18.181818181818183,True,8,59
U0081,Guatemala,33,6.44157719730058,33.33333333333333,True,3,59
U0083,Costa Rica,76,6.128863930460799,48.68421052631579,True,0,57
U0084,El Salvador,123,12.63465434445799,8.94308943089431,True,0,201
U0085,Panama,39,10.141149112653787,23.076923076923077,True,5,47
U0089,Chile,2,21.0,0.0,False,0,4
U0092,Uruguay,292,4.805400568159598,6.8493150684931505,True,51,170
U0093,El Salvador,35,3.756566746960501,51.42857142857142,True,17,49
U0095,Mexico,7,21.0,0.0,False,0,13
U0096,Colombia,167,7.067947378659045,25.149700598802394,True,43,142
U0098,El Salvador,56,6.702562657537268,48.214285714285715,True,7,51
U0099,Panama,3,17.90028945328983,33.33333333333333,True,2,2
U0101,Chile,209,8.411313291293236,1.4354066985645932,True,69,216
U0102,Dominican Republic,159,14.436491656973844,5.031446540880504,True,4,206
U0103,Peru,222,18.628471042195176,31.08108108108108,True,44,200
U0105,Guatemala,214,12.81096832638275,22.897196261682243,True,1,68
U0106,Brazil,43,8.117848036601066,37.2093023255814,True,11,48
U0107,Peru,174,5.483920259170935,48.275862068965516,True,14,224
U0111,Argentina,45,17.665521910177947,0.0,False,5,70
U0113,Costa Rica,868,13.19811185826915,2.3041474654377883,True,2,498
U0115,Dominican Republic,75,3.783135579635209,60.0,True,7,96
U0116,El Salvador,283,21.0,15.547703180212014,True,27,162
U0117,Guatemala,114,15.737693228362248,4.385964912280701,True,9,151
U0120,Cuba,81,5.74183648145415,28.39506172839506,True,1,13
U0122,Mexico,231,12.63465434445799,13.852813852813853,True,16,178
U0123,Dominican Republic,55,3.728576989258429,60.0,True,0,51
U0124,Chile,126,10.606545732131003,7.936507936507936,True,41,158
U0125,Guatemala,60,12.609640544164764,21.666666666666668,True,1,60
U0128,Ecuador,125,6.418253462704241,8.799999999999999,True,27,82
U0130,El Salvador,52,15.909984431773273,13.461538461538462,True,7,73
U0131,Argentina,97,7.1022227577084,41.23711340206185,True,39,122
U0132,Uruguay,153,7.650508222434876,19.607843137254903,True,14,118
U0133,Brazil,288,13.84475890614937,0.6944444444444444,True,0,0
U0133,Brazil,288,13.84475890614937,0.6944444444444444,True,6,261
U0134,Guatemala,2,4.152388309316638,50.0,True,0,2
U0140,El Salvador,100,9.448926491593529,10.0,True,2,92
U0141,Colombia,106,6.444861911591939,25.471698113207548,True,24,133
U0143,El Salvador,114,7.334918614165544,13.157894736842104,True,26,139
U0145,Nicaragua,97,7.667570314182529,41.23711340206185,True,10,116
U0149,Chile,296,2.347990482001024,59.797297297297305,True,4,134
U0153,Brazil,105,14.202576001587136,0.9523809523809524,True,3,144
U0154,Nicaragua,62,7.9069893995925105,41.935483870967744,True,5,65
U0155,Uruguay,471,8.125275155857459,35.6687898089172,True,16,170
U0156,Cuba,179,4.478089453577214,58.659217877094974,True,64,134
U0158,Panama,127,8.130979168791868,14.173228346456693,True,42,198
U0159,Chile,3,17.90028945328983,33.33333333333333,True,3,3
U0161,Nicaragua,81,9.739769120526203,33.33333333333333,True,7,75
U0162,Mexico,156,10.356628817352512,4.487179487179487,True,6,292
U0164,Guatemala,190,10.368377760269818,17.894736842105264,True,25,177
U0167,Dominican Republic,52,6.627896456801119,40.38461538461539,True,17,57
U0168,Colombia,77,11.404551043803874,22.07792207792208,True,13,117
U0169,El Salvador,118,9.415272356871004,22.033898305084744,True,14,136
U0176,Chile,161,4.900409267024044,34.161490683229815,True,79,216
U0177,Peru,8,13.008985262399184,0.0,False,0,16
U0186,Argentina,244,7.583068310370933,14.754098360655737,True,37,212
U0187,Argentina,128,8.067828039007114,15.625,True,43,127
U0188,Colombia,173,13.563419530681465,13.294797687861271,True,6,264
U0190,El Salvador,76,7.705541351201764,34.21052631578947,True,8,76
U0193,Costa Rica,96,15.343614117035226,1.0416666666666665,True,0,139
U0197,Peru,204,4.673921135047557,41.66666666666667,True,11,117
U0198,Colombia,171,6.367145654157693,4.678362573099415,True,0,0
U0200,Dominican Republic,114,3.5097171810450445,65.78947368421053,True,17,85
U0201,Colombia,114,7.1285857777549655,35.96491228070175,True,23,119
U0209,Colombia,153,8.837447092111276,1.9607843137254901,True,22,107
U0211,Cuba,96,6.367033237616676,35.41666666666667,True,30,112
U0212,Brazil,293,13.637502236338236,0.6825938566552902,True,2,172
U0213,Colombia,212,7.067947378659045,12.264150943396226,True,13,136
U0214,Panama,56,10.560631168634162,14.285714285714285,True,11,118
U0215,Honduras,76,14.548198465495398,22.36842105263158,True,16,82
U0221,Honduras,60,7.219046486889271,23.333333333333332,True,1,40
U0222,Peru,154,9.487201703131436,34.41558441558442,True,10,177
U0224,Colombia,142,14.592182968931352,41.54929577464789,True,24,164
U0225,Guatemala,255,9.012364725555356,5.88235294117647,True,51,279
U0227,Guatemala,133,10.311337765837118,6.7669172932330826,True,46,227
U0234,Paraguay,3496,6.500110890454246,0.4576659038901602,True,47,55
U0235,Paraguay,141,16.56974426914681,15.602836879432624,True,8,231
U0236,Ecuador,115,9.56315496959945,13.91304347826087,True,11,135
U0237,Uruguay,208,8.394684818012273,6.25,True,40,248
U0239,Nicaragua,11,3.678195438423989,63.63636363636363,True,3,9
U0240,Costa Rica,62,6.736305921971084,43.54838709677419,True,5,66
U0241,Dominican Republic,153,8.862392129950917,32.6797385620915,True,25,224
U0242,Argentina,250,14.104555610767704,22.0,True,15,163
U0243,Cuba,60,6.638037324979804,26.666666666666668,True,20,64
U0244,Nicaragua,197,3.682434170747389,52.28426395939086,True,94,277
U0245,Dominican Republic,95,3.891226879516603,60.0,True,11,116
U0246,Argentina,164,10.178275545580332,15.853658536585366,True,18,276
U0248,Argentina,89,9.635106573669328,10.112359550561797,True,0,0
U0249,Ecuador,183,13.143161190368982,9.836065573770492,True,7,141
U0251,Colombia,171,5.19529203051444,49.707602339181285,True,18,116
U0255,Dominican Republic,244,6.188846522525044,33.60655737704918,True,102,318
U0259,Colombia,260,2.359841394662878,66.53846153846153,True,8,83
U0260,Chile,149,13.665868395416153,20.13422818791946,True,8,32
U0262,Argentina,73,4.666692694734894,45.20547945205479,True,26,77
U0263,Mexico,26,18.183348920275133,0.0,False,2,46
U0264,Chile,296,10.14685018778427,11.14864864864865,True,0,2
U0265,Brazil,145,10.873104699020606,23.448275862068964,True,3,50
U0266,Peru,151,7.17500571156639,0.0,False,5,255
U0268,Ecuador,104,8.421959305470116,24.03846153846154,True,23,151
U0269,Ecuador,219,3.916522419087455,92.69406392694064,True,1,45
U0270,Colombia,153,6.603484770427079,9.15032679738562,True,26,164
U0271,Chile,85,17.887090927939475,7.0588235294117645,True,5,162
U0273,Brazil,21,7.432626518850706,28.57142857142857,True,0,29
U0274,Mexico,77,14.18347126126079,15.584415584415584,True,13,113
U0275,Ecuador,156,8.470419456939068,37.82051282051282,True,18,136
U0276,Brazil,188,11.896859461299112,18.085106382978726,True,46,256
U0277,Argentina,120,13.283739943042615,6.666666666666667,True,11,191
U0278,Brazil,152,8.3957589570861,0.0,False,15,272
U0279,Colombia,194,8.85149116316597,46.391752577319586,True,36,128
U0280,Chile,65,12.63465434445799,18.461538461538463,True,10,102
U0281,Colombia,87,5.74183648145415,12.643678160919542,True,33,134
U0282,El Salvador,94,8.561503741873313,43.61702127659575,True,30,137
U0283,Peru,35,1.0,65.71428571428571,True,7,31
U0284,Chile,141,14.184129546776452,13.47517730496454,True,56,153
U0285,Argentina,80,9.457947929510562,38.75,True,31,119
U0289,Costa Rica,61,15.851933022427412,32.78688524590164,True,6,74
U0290,Chile,266,8.453182801950636,41.35338345864661,True,46,291
U0291,Argentina,76,2.0174231120817976,53.94736842105263,True,27,100
U0292,Argentina,133,10.53090124643501,10.526315789473683,True,40,199
U0294,Peru,215,7.822532837872768,43.72093023255814,True,26,182
U0295,Chile,240,11.789954791428377,15.0,True,22,171
U0296,Mexico,66,9.939182053291075,0.0,False,0,23
U0297,Mexico,137,8.967984954692948,18.248175182481752,True,7,228
U0301,Brazil,142,12.63465434445799,0.7042253521126761,True,1,231
U0303,Colombia,314,18.09985216248468,3.1847133757961785,True,26,209
U0305,El Salvador,51,10.507537790700887,35.294117647058826,True,12,45
U0306,Peru,142,6.754448402302643,25.352112676056336,True,32,232
U0309,Dominican Republic,60,7.772215300498452,11.666666666666666,True,3,70
U0310,Argentina,199,18.09985216248468,6.030150753768844,True,14,253
U0311,Argentina,34,12.449637244033978,8.823529411764707,True,0,0
U0312,Costa Rica,162,14.759448614675724,40.123456790123456,True,22,112
U0313,Dominican Republic,52,10.067938825459693,19.230769230769234,True,18,94
U0315,Costa Rica,4,21.0,0.0,False,0,8
U0316,Colombia,67,5.975111280690064,28.35820895522388,True,22,44
U0317,Costa Rica,142,10.280180167644469,7.746478873239436,True,12,202
U0318,Colombia,81,3.477825339746958,72.8395061728395,True,9,15
U0319,Costa Rica,133,5.32937760180087,48.87218045112782,True,15,125
U0322,Colombia,367,14.743254567235402,1.9073569482288828,True,2,262
U0323,Peru,246,15.78878286833703,18.69918699186992,True,23,212
U0324,Ecuador,64,5.34980367905952,31.25,True,24,93
U0326,Argentina,97,7.022706898043771,37.11340206185567,True,2,125
U0327,Brazil,15,10.368377760269818,0.0,False,0,26
U0330,Brazil,9,1.0,88.88888888888889,True,1,1
U0331,Brazil,60,8.87977103972727,26.666666666666668,True,6,81
U0332,El Salvador,76,9.907324323925362,3.9473684210526314,True,27,120
U0333,Colombia,144,4.4873098080881615,54.861111111111114,True,0,0
U0334,Peru,102,3.611405329692563,51.9607843137255,True,60,82
U0335,Ecuador,11,9.261658282181244,45.45454545454545,True,5,17
U0338,Colombia,182,9.944477721246384,8.791208791208792,True,41,109
U0339,Mexico,3,21.0,0.0,False,0,6
U0340,Costa Rica,71,14.548198465495398,38.028169014084504,True,0,90
U0341,Costa Rica,367,14.538940141825268,23.978201634877383,True,14,165
U0343,Chile,409,20.77180447661033,20.78239608801956,True,14,186
U0344,Mexico,585,17.71676507806213,2.735042735042735,True,43,362
U0345,Chile,63,13.17472974456906,11.11111111111111,True,14,89
U0346,Dominican Republic,190,10.584235021481147,5.7894736842105265,True,30,76
U0347,Chile,316,16.721564973557335,7.59493670886076,True,40,587
U0348,Colombia,279,4.406784020953281,50.89605734767025,True,26,257
U0350,Ecuador,138,15.109556788489291,27.536231884057973,True,21,154
U0352,Colombia,497,11.549224285085952,9.859154929577464,True,24,215
U0356,Peru,70,11.89567811723854,1.4285714285714286,True,2,77
U0359,Colombia,189,9.1248919992535,15.873015873015872,True,46,192
U0360,Ecuador,229,7.64063093610431,44.10480349344978,True,65,183
U0361,Ecuador,87,21.0,16.091954022988507,True,14,63
U0363,Argentina,285,9.739769120526203,21.403508771929825,True,1,216
U0364,Ecuador,58,15.484823499315564,5.172413793103448,True,2,86
U0367,Ecuador,158,16.395640339139426,2.5316455696202533,True,16,159
U0369,Argentina,31,10.368377760269818,22.58064516129032,True,5,42
U0371,Chile,199,4.900409267024044,29.64824120603015,True,87,264
U0372,Ecuador,67,21.0,8.955223880597014,True,17,86
U0373,Peru,9,21.0,0.0,False,0,14
U0374,Argentina,131,4.758842787868666,38.93129770992366,True,26,108
U0378,Ecuador,79,10.72836813609921,0.0,False,22,118
U0379,Chile,93,10.481460365486749,21.50537634408602,True,22,103
U0380,Costa Rica,115,4.23268787072339,59.130434782608695,True,10,91
U0382,Peru,210,13.965206223587098,28.095238095238095,True,18,165
U0383,Brazil,125,5.74183648145415,24.0,True,35,159
U0386,Brazil,95,18.883060964595,10.526315789473683,True,10,115
U0388,Colombia,123,10.592443195544597,8.130081300813007,True,3,89
U0389,Argentina,223,6.092406005209617,10.31390134529148,True,39,57
U0400,Argentina,188,9.17694702289104,39.8936170212766,True,65,207
U0408,Argentina,54,3.846280851598797,46.2962962962963,True,21,45
U0409,Brazil,251,11.13319746233622,1.593625498007968,True,35,240
U0410,Chile,291,8.649993007876004,8.24742268041237,True,4,212
U0412,Ecuador,84,1.082034585046855,58.333333333333336,True,18,88
U0415,Ecuador,275,16.05765566065484,26.90909090909091,True,4,261
U0416,Mexico,149,10.861612414754726,8.724832214765101,True,6,74
U0417,Mexico,75,12.63465434445799,18.666666666666668,True,15,43
U0418,Argentina,111,4.277958613036418,56.75675675675676,True,29,115
U0422,Colombia,345,5.473784163745514,47.2463768115942,True,0,0
U0423,Chile,184,8.185829501393394,4.3478260869565215,True,8,178
U0424,Ecuador,333,15.426285095510265,0.0,False,1,132
U0426,Brazil,108,17.373383051651988,20.37037037037037,True,15,197
U0429,Brazil,179,7.827211989167284,12.290502793296088,True,9,311
U0431,Chile,214,11.48626307901009,12.149532710280374,True,31,298
U0432,Costa Rica,14,17.959262915366374,7.142857142857142,True,0,13
U0433,Chile,152,4.7943562630210845,46.71052631578947,True,41,109
U0435,Mexico,222,14.36900453354233,9.00900900900901,True,1,21
U0437,Brazil,141,9.604851104319373,14.184397163120568,True,45,176
U0438,Ecuador,125,21.0,12.8,True,10,149
U0439,Costa Rica,140,12.701957977505757,33.57142857142857,True,38,135
U0440,Peru,20,18.883060964595,0.0,False,1,38
U0441,Chile,115,15.886240673170706,41.73913043478261,True,0,149
U0442,Brazil,93,9.753044718366992,4.301075268817205,True,10,155
U0443,Costa Rica,172,16.93974498635088,13.372093023255813,True,3,166
U0444,Peru,122,10.63977066829898,18.0327868852459,True,13,182
U0446,Dominican Republic,104,12.16035747513809,28.846153846153843,True,0,106
U0449,Brazil,421,7.970379789938667,20.42755344418052,True,35,314
U0457,Ecuador,79,6.790996485092184,35.44303797468354,True,10,50
U0460,Chile,164,5.060476585338206,36.58536585365854,True,31,185
U0461,Argentina,26,8.744686659619228,26.923076923076923,True,0,38
U0462,Brazil,160,11.76737743428006,12.5,True,23,265
